TicketID,Cliente,DataAbertura,TempoResolucao_Horas,Status,CSAT
933055,da Rocha,2026-09-24 11:46:48,22,Resolvido,5.0
481240,Fonseca Araújo e Filhos,2026-09-24 11:46:00,39,Resolvido,3.0
716597,Silva,2026-09-24 11:48:18,17,Resolvido,5.0
380308,Vargas,2026-09-24 11:47:32,62,Resolvido,1.0
854167,Pastor e Filhos,2026-09-24 11:48:42,35,Resolvido,3.0
533846,da Cruz,2026-09-24 11:49:25,22,Escalado,
489633,Gonçalves,2026-09-24 11:46:37,12,Resolvido,5.0
670885,Correia - EI,2026-09-24 11:44:45,18,Resolvido,4.0
317909,Fogaça - ME,2026-09-24 11:48:58,68,Resolvido,1.0
16611,Porto,2026-09-24 11:46:23,13,Resolvido,5.0
132278,Sales Cavalcanti S.A.,2026-09-24 11:45:22,23,Resolvido,4.0
753015,Aparecida S.A.,2026-09-24 11:45:01,11,Resolvido,5.0
926461,Campos,2026-09-24 11:44:21,14,Resolvido,5.0
401656,Pimenta,2026-09-24 11:49:09,25,Resolvido,3.0
468063,Brito - EI,2026-09-24 11:48:55,11,Em Andamento,
808139,Rodrigues,2026-09-24 11:46:44,39,Resolvido,4.0
508629,Sampaio,2026-09-24 11:47:40,17,Resolvido,5.0
41058,da Cruz,2026-09-24 11:48:42,23,Resolvido,4.0
669180,Azevedo,2026-09-24 11:47:27,38,Em Andamento,
226036,Rios,2026-09-24 11:44:22,42,Em Andamento,
249670,Cirino,2026-09-24 11:48:06,12,Resolvido,5.0
637893,Martins,2026-09-24 11:48:04,62,Escalado,
669238,Borges Andrade - EI,2026-09-24 11:47:50,1,Resolvido,5.0
59271,Lima,2026-09-24 11:46:32,17,Resolvido,5.0
818650,Silveira,2026-09-24 11:49:26,49,Em Andamento,
805108,Ribeiro,2026-09-24 11:47:40,18,Escalado,
422993,Garcia Alves Ltda.,2026-09-24 11:48:17,7,Resolvido,4.0
388958,Ramos S.A.,2026-09-24 11:44:00,70,Resolvido,1.0
162764,Cirino - ME,2026-09-24 11:48:59,69,Resolvido,3.0
952487,Machado,2026-09-24 11:46:50,12,Resolvido,4.0
79999,Barros,2026-09-24 11:48:26,32,Em Andamento,
759082,Rios Melo - EI,2026-09-24 11:49:37,70,Em Andamento,
370730,Casa Grande,2026-09-24 11:44:45,18,Em Andamento,
511556,Lopes,2026-09-24 11:44:35,4,Resolvido,4.0
718996,Santos,2026-09-24 11:45:12,17,Em Andamento,
349586,Pacheco - EI,2026-09-24 11:44:32,3,Resolvido,4.0
111276,Rezende,2026-09-24 11:48:53,71,Em Andamento,
527510,Vieira,2026-09-24 11:46:39,72,Em Andamento,
914585,Peixoto e Filhos,2026-09-24 11:45:32,18,Resolvido,5.0
482795,Casa Grande,2026-09-24 11:46:27,15,Resolvido,5.0
532849,Moraes S.A.,2026-09-24 11:46:28,5,Resolvido,5.0
386532,Nunes Ltda.,2026-09-24 11:47:50,58,Em Andamento,
30402,Montenegro,2026-09-24 11:47:33,4,Resolvido,5.0
736299,Barbosa S.A.,2026-09-24 11:45:12,59,Escalado,
306805,Macedo,2026-09-24 11:47:58,47,Resolvido,3.0
559913,Ferreira Ribeiro e Filhos,2026-09-24 11:45:16,4,Em Andamento,
700643,Aparecida Alves S.A.,2026-09-24 11:47:29,15,Resolvido,5.0
960019,Nascimento,2026-09-24 11:45:29,6,Resolvido,5.0
190811,da Paz,2026-09-24 11:49:20,23,Em Andamento,
938794,Aragão Ltda.,2026-09-24 11:47:18,39,Resolvido,3.0
751257,Pinto da Cruz - ME,2026-09-24 11:45:33,32,Resolvido,3.0
848040,Ferreira,2026-09-24 11:45:35,59,Escalado,
140391,Fernandes - ME,2026-09-24 11:45:58,45,Resolvido,3.0
444879,da Paz,2026-09-24 11:46:30,35,Resolvido,4.0
654688,Montenegro,2026-09-24 11:44:10,46,Em Andamento,
247899,Pires,2026-09-24 11:49:12,57,Resolvido,2.0
454155,Azevedo,2026-09-24 11:47:44,62,Escalado,
205492,Santos Cassiano - EI,2026-09-24 11:45:44,22,Resolvido,4.0
12,Vasconcelos,2026-09-24 11:49:22,69,Resolvido,1.0
588674,Brito,2026-09-24 11:44:22,7,Escalado,
407529,Ribeiro Vasconcelos e Filhos,2026-09-24 11:46:13,58,Em Andamento,
165723,Souza,2026-09-24 11:43:52,28,Em Andamento,
358753,Costela e Filhos,2026-09-24 11:44:17,33,Resolvido,4.0
438453,Ramos Castro S/A,2026-09-24 11:47:35,28,Resolvido,3.0
816240,Almeida e Filhos,2026-09-24 11:44:24,42,Resolvido,3.0
431754,Carvalho Siqueira e Filhos,2026-09-24 11:49:09,27,Escalado,
451310,Cunha,2026-09-24 11:43:50,45,Resolvido,3.0
232536,Souza Freitas S/A,2026-09-24 11:47:01,50,Resolvido,1.0
394073,Andrade,2026-09-24 11:44:06,14,Em Andamento,
604525,Fonseca - ME,2026-09-24 11:48:44,54,Em Andamento,
757943,Rezende,2026-09-24 11:45:14,62,Resolvido,1.0
460118,da Mota,2026-09-24 11:48:02,51,Resolvido,2.0
463956,Araújo da Rosa S/A,2026-09-24 11:49:24,62,Resolvido,1.0
507626,Caldeira,2026-09-24 11:46:49,37,Resolvido,3.0
100958,Guerra da Cunha S/A,2026-09-24 11:43:56,31,Resolvido,3.0
270843,da Rosa S.A.,2026-09-24 11:46:03,46,Em Andamento,
287386,Silveira - EI,2026-09-24 11:48:14,50,Resolvido,1.0
732678,Costa,2026-09-24 11:45:13,10,Resolvido,5.0
200897,Marques - EI,2026-09-24 11:47:33,69,Resolvido,1.0
21586,Moura,2026-09-24 11:47:20,71,Resolvido,1.0
249242,Dias,2026-09-24 11:45:11,12,Resolvido,5.0
690934,Leão,2026-09-24 11:49:19,27,Resolvido,4.0
159992,da Mata Azevedo Ltda.,2026-09-24 11:48:17,1,Em Andamento,
825619,da Cunha da Rosa - EI,2026-09-24 11:46:01,21,Em Andamento,
79534,Freitas,2026-09-24 11:44:31,29,Em Andamento,
268835,da Mata Novaes S.A.,2026-09-24 11:49:20,53,Resolvido,1.0
336304,Almeida Nunes - EI,2026-09-24 11:47:19,20,Escalado,
223719,Oliveira da Luz S/A,2026-09-24 11:47:23,49,Resolvido,1.0
288749,Costela Vasconcelos Ltda.,2026-09-24 11:49:17,46,Resolvido,3.0
871160,Rodrigues Carvalho e Filhos,2026-09-24 11:44:02,63,Resolvido,1.0
595284,Pires - ME,2026-09-24 11:48:36,50,Resolvido,1.0
214983,das Neves S/A,2026-09-24 11:44:29,14,Resolvido,4.0
646220,Rezende,2026-09-24 11:48:55,30,Resolvido,4.0
702630,Monteiro,2026-09-24 11:46:43,19,Resolvido,5.0
757651,Souza,2026-09-24 11:45:00,70,Resolvido,3.0
713557,Santos,2026-09-24 11:44:07,56,Resolvido,1.0
413840,Barbosa,2026-09-24 11:47:43,50,Em Andamento,
627142,Barbosa Ltda.,2026-09-24 11:45:24,57,Resolvido,2.0
717211,Martins Ribeiro S.A.,2026-09-24 11:44:44,20,Em Andamento,
396585,Cavalcanti,2026-09-24 11:46:10,20,Em Andamento,
470662,Azevedo S.A.,2026-09-24 11:45:06,55,Em Andamento,
695525,Campos Ltda.,2026-09-24 11:47:18,18,Resolvido,4.0
123611,Araújo,2026-09-24 11:44:40,27,Resolvido,4.0
55230,Cunha Martins S.A.,2026-09-24 11:49:26,11,Resolvido,5.0
529811,Cardoso,2026-09-24 11:43:55,66,Resolvido,1.0
731660,Vieira,2026-09-24 11:46:07,29,Escalado,
690374,Lopes Ltda.,2026-09-24 11:46:12,27,Resolvido,4.0
522874,das Neves,2026-09-24 11:44:12,35,Resolvido,4.0
107273,Aparecida,2026-09-24 11:44:30,16,Resolvido,4.0
842007,Cirino,2026-09-24 11:46:55,52,Resolvido,3.0
549582,Duarte Ltda.,2026-09-24 11:48:25,54,Resolvido,1.0
627145,Jesus Ltda.,2026-09-24 11:46:42,40,Resolvido,3.0
509729,da Mota,2026-09-24 11:46:13,35,Resolvido,4.0
757293,Fonseca,2026-09-24 11:45:00,25,Resolvido,4.0
453375,da Mota S/A,2026-09-24 11:43:57,28,Resolvido,3.0
33460,Peixoto,2026-09-24 11:48:45,8,Resolvido,5.0
533775,Moraes,2026-09-24 11:44:16,40,Resolvido,3.0
804766,Silva,2026-09-24 11:48:11,60,Resolvido,1.0
64818,Moraes - ME,2026-09-24 11:48:39,8,Resolvido,4.0
274021,Vieira - EI,2026-09-24 11:47:21,41,Em Andamento,
384573,Montenegro Melo Ltda.,2026-09-24 11:45:21,21,Escalado,
23963,Fernandes Silva S.A.,2026-09-24 11:45:00,21,Resolvido,4.0
402908,Nunes Souza Ltda.,2026-09-24 11:48:28,53,Em Andamento,
728702,Carvalho,2026-09-24 11:47:07,60,Resolvido,2.0
422751,Oliveira - ME,2026-09-24 11:47:44,41,Resolvido,4.0
704103,Cardoso Freitas e Filhos,2026-09-24 11:46:59,32,Resolvido,4.0
825577,Castro,2026-09-24 11:45:11,72,Escalado,
518530,Aragão,2026-09-24 11:47:02,68,Resolvido,2.0
200585,Duarte,2026-09-24 11:49:24,61,Resolvido,1.0
192202,Monteiro - ME,2026-09-24 11:46:35,47,Resolvido,3.0
990990,Pastor,2026-09-24 11:43:55,31,Resolvido,3.0
283306,Ramos Melo Ltda.,2026-09-24 11:45:07,6,Resolvido,5.0
527976,Montenegro da Paz e Filhos,2026-09-24 11:48:49,68,Resolvido,1.0
152407,Costa Ramos e Filhos,2026-09-24 11:48:19,23,Resolvido,5.0
192643,Alves Silveira - ME,2026-09-24 11:45:25,23,Resolvido,4.0
653078,Monteiro,2026-09-24 11:47:41,6,Em Andamento,
614587,Câmara,2026-09-24 11:49:35,52,Resolvido,1.0
133364,Dias Costa - ME,2026-09-24 11:49:10,11,Resolvido,4.0
424813,da Mata S.A.,2026-09-24 11:47:58,59,Resolvido,1.0
296660,Azevedo,2026-09-24 11:46:24,13,Resolvido,5.0
34995,da Conceição,2026-09-24 11:44:26,31,Escalado,
646666,Cardoso e Filhos,2026-09-24 11:48:50,35,Em Andamento,
133312,Cardoso,2026-09-24 11:46:18,42,Resolvido,4.0
571764,Ferreira,2026-09-24 11:47:48,1,Resolvido,5.0
584273,Peixoto - EI,2026-09-24 11:47:06,18,Em Andamento,
584166,Fernandes,2026-09-24 11:48:51,69,Em Andamento,
657754,Borges,2026-09-24 11:48:10,4,Em Andamento,
105853,Farias S.A.,2026-09-24 11:45:52,43,Em Andamento,
595837,Fonseca e Filhos,2026-09-24 11:46:02,60,Resolvido,1.0
400189,Siqueira Barbosa - EI,2026-09-24 11:44:34,33,Resolvido,4.0
936266,Nogueira da Cunha S/A,2026-09-24 11:45:14,6,Em Andamento,
514844,Monteiro,2026-09-24 11:46:11,34,Resolvido,4.0
624156,Sousa,2026-09-24 11:48:50,65,Resolvido,2.0
354750,Macedo,2026-09-24 11:45:57,2,Em Andamento,
208971,Brito,2026-09-24 11:47:52,59,Resolvido,3.0
943607,Pastor,2026-09-24 11:47:04,67,Resolvido,2.0
960037,Pinto,2026-09-24 11:48:21,20,Resolvido,5.0
357743,da Paz S/A,2026-09-24 11:47:32,24,Resolvido,5.0
998011,Sales Nogueira - EI,2026-09-24 11:48:03,64,Em Andamento,
167650,Castro S/A,2026-09-24 11:45:41,66,Resolvido,1.0
701653,Dias Araújo - ME,2026-09-24 11:49:23,37,Resolvido,3.0
577109,Rocha,2026-09-24 11:45:13,37,Resolvido,4.0
406884,Moura Borges Ltda.,2026-09-24 11:45:52,46,Resolvido,4.0
532896,Jesus S.A.,2026-09-24 11:45:50,4,Resolvido,4.0
17002,Macedo Pinto S/A,2026-09-24 11:46:18,45,Resolvido,4.0
149208,Garcia Ltda.,2026-09-24 11:44:16,61,Resolvido,3.0
487421,Cavalcanti Sousa - ME,2026-09-24 11:47:06,7,Resolvido,5.0
610448,Silva Freitas e Filhos,2026-09-24 11:44:14,53,Resolvido,2.0
499029,Duarte Ltda.,2026-09-24 11:49:22,49,Resolvido,1.0
216712,Macedo S/A,2026-09-24 11:45:18,52,Resolvido,3.0
610632,Melo Garcia - ME,2026-09-24 11:45:05,55,Resolvido,1.0
707203,Fernandes,2026-09-24 11:46:04,11,Resolvido,5.0
980761,Cassiano Abreu S.A.,2026-09-24 11:44:35,63,Escalado,
260043,Araújo Costa S.A.,2026-09-24 11:48:05,2,Em Andamento,
922743,Cavalcante,2026-09-24 11:48:36,36,Resolvido,3.0
25638,Pires,2026-09-24 11:49:46,23,Resolvido,5.0
516320,Carvalho,2026-09-24 11:45:40,54,Resolvido,2.0
162881,Caldeira - EI,2026-09-24 11:43:49,3,Resolvido,4.0
906702,Camargo - EI,2026-09-24 11:48:13,72,Escalado,
74098,Câmara,2026-09-24 11:44:14,46,Resolvido,3.0
614516,Teixeira,2026-09-24 11:47:12,44,Escalado,
998947,Alves,2026-09-24 11:46:00,23,Resolvido,5.0
793803,Souza,2026-09-24 11:44:50,58,Resolvido,1.0
299890,Silveira,2026-09-24 11:44:06,10,Resolvido,5.0
854798,Rios Monteiro S/A,2026-09-24 11:46:07,9,Em Andamento,
408871,Santos Silveira - EI,2026-09-24 11:48:23,53,Resolvido,2.0
839622,Mendonça Sales Ltda.,2026-09-24 11:44:57,57,Em Andamento,
489371,Santos e Filhos,2026-09-24 11:48:47,16,Resolvido,4.0
807430,Aparecida S/A,2026-09-24 11:45:11,30,Em Andamento,
88254,Gomes,2026-09-24 11:43:51,22,Resolvido,5.0
595558,Souza,2026-09-24 11:43:50,1,Resolvido,5.0
382339,Santos Ltda.,2026-09-24 11:48:43,7,Escalado,
992510,da Rocha Cardoso Ltda.,2026-09-24 11:47:50,40,Escalado,
816548,Araújo,2026-09-24 11:49:39,50,Resolvido,1.0
303559,Albuquerque,2026-09-24 11:45:39,33,Resolvido,3.0
236086,Moura Farias Ltda.,2026-09-24 11:49:46,30,Escalado,
786945,Fonseca - EI,2026-09-24 11:45:00,49,Resolvido,3.0
65116,Campos - ME,2026-09-24 11:45:57,39,Escalado,
327686,Macedo,2026-09-24 11:45:15,45,Resolvido,3.0
243411,Novaes - EI,2026-09-24 11:48:25,49,Escalado,
152566,Novais,2026-09-24 11:48:35,67,Resolvido,3.0
954357,Novais,2026-09-24 11:46:05,50,Em Andamento,
881763,Brito,2026-09-24 11:44:32,3,Resolvido,5.0
68593,Ramos,2026-09-24 11:44:11,47,Escalado,
314920,Fernandes,2026-09-24 11:48:21,22,Resolvido,5.0
213375,Montenegro S/A,2026-09-24 11:44:19,40,Resolvido,3.0
395682,Nogueira - ME,2026-09-24 11:47:14,49,Em Andamento,
157898,Garcia,2026-09-24 11:48:49,37,Em Andamento,
776218,Pereira Campos e Filhos,2026-09-24 11:45:07,71,Em Andamento,
525007,Guerra - EI,2026-09-24 11:47:42,55,Resolvido,3.0
62483,Abreu,2026-09-24 11:46:25,8,Resolvido,5.0
694553,Albuquerque,2026-09-24 11:47:27,26,Resolvido,4.0
444463,Fogaça,2026-09-24 11:45:24,14,Resolvido,4.0
725249,Camargo,2026-09-24 11:46:24,23,Escalado,
856376,Moraes,2026-09-24 11:47:15,63,Resolvido,1.0
282167,Gomes S.A.,2026-09-24 11:45:08,7,Em Andamento,
934457,Pimenta S.A.,2026-09-24 11:49:33,18,Resolvido,5.0
143830,Andrade Cassiano e Filhos,2026-09-24 11:47:27,20,Resolvido,4.0
737003,da Conceição,2026-09-24 11:46:45,40,Escalado,
545512,Cunha,2026-09-24 11:49:28,22,Em Andamento,
617347,Siqueira Ltda.,2026-09-24 11:46:55,57,Resolvido,3.0
914754,Vieira e Filhos,2026-09-24 11:46:19,53,Resolvido,1.0
695381,Moraes,2026-09-24 11:47:24,32,Resolvido,4.0
546360,da Rocha,2026-09-24 11:45:54,14,Em Andamento,
440952,Cavalcanti Andrade - ME,2026-09-24 11:46:02,68,Resolvido,3.0
609356,Montenegro,2026-09-24 11:44:29,46,Escalado,
669117,Dias Ramos Ltda.,2026-09-24 11:49:34,60,Resolvido,1.0
546116,Lima,2026-09-24 11:47:31,40,Resolvido,4.0
305218,Vargas,2026-09-24 11:44:39,9,Em Andamento,
761899,Farias,2026-09-24 11:47:31,20,Em Andamento,
241028,Nunes,2026-09-24 11:49:13,41,Resolvido,3.0
402278,Montenegro,2026-09-24 11:49:13,69,Resolvido,2.0
618666,Vasconcelos,2026-09-24 11:44:33,39,Em Andamento,
712065,Abreu - EI,2026-09-24 11:46:49,3,Resolvido,5.0
838983,da Cruz,2026-09-24 11:44:12,43,Resolvido,3.0
170672,Mendes S/A,2026-09-24 11:44:15,3,Resolvido,5.0
271660,Cardoso,2026-09-24 11:48:26,37,Em Andamento,
484076,Pires,2026-09-24 11:45:42,49,Em Andamento,
463094,Costa,2026-09-24 11:48:14,68,Em Andamento,
810248,Gonçalves,2026-09-24 11:44:47,18,Resolvido,5.0
638303,Rios S/A,2026-09-24 11:44:59,54,Escalado,
513896,Cavalcanti,2026-09-24 11:48:56,49,Em Andamento,
40052,Pinto,2026-09-24 11:49:18,21,Resolvido,5.0
899380,Alves Almeida S.A.,2026-09-24 11:48:04,58,Resolvido,1.0
832711,Pimenta,2026-09-24 11:44:47,64,Resolvido,1.0
232547,Silva,2026-09-24 11:46:50,7,Resolvido,4.0
543913,Siqueira Ltda.,2026-09-24 11:47:23,12,Resolvido,5.0
664111,Novaes - ME,2026-09-24 11:47:41,21,Resolvido,5.0
985883,Rocha Cavalcanti S.A.,2026-09-24 11:48:34,4,Em Andamento,
71271,Farias Borges Ltda.,2026-09-24 11:49:27,27,Resolvido,3.0
533103,Leão,2026-09-24 11:49:12,67,Resolvido,1.0
571310,Albuquerque Sampaio S.A.,2026-09-24 11:45:16,49,Escalado,
373805,Câmara,2026-09-24 11:45:30,26,Resolvido,4.0
187198,da Rosa e Filhos,2026-09-24 11:43:52,35,Escalado,
608983,Guerra,2026-09-24 11:48:23,20,Resolvido,5.0
6018,Machado - EI,2026-09-24 11:49:28,66,Resolvido,2.0
260982,da Conceição da Rosa e Filhos,2026-09-24 11:44:16,7,Resolvido,5.0
529432,Silveira Ltda.,2026-09-24 11:45:27,9,Resolvido,5.0
444242,Aparecida e Filhos,2026-09-24 11:45:56,59,Resolvido,3.0
127788,Campos Macedo e Filhos,2026-09-24 11:49:47,31,Resolvido,3.0
660951,Nogueira,2026-09-24 11:45:28,15,Resolvido,4.0
179857,Camargo,2026-09-24 11:47:42,61,Resolvido,1.0
151264,Pereira,2026-09-24 11:44:29,47,Em Andamento,
984289,Sampaio,2026-09-24 11:43:56,30,Resolvido,4.0
888013,Leão,2026-09-24 11:49:46,11,Resolvido,5.0
102960,Costa,2026-09-24 11:49:14,42,Em Andamento,
568059,Azevedo Camargo S/A,2026-09-24 11:48:45,56,Resolvido,1.0
742418,Nascimento Pastor - EI,2026-09-24 11:49:43,67,Resolvido,3.0
263407,Borges,2026-09-24 11:45:39,14,Resolvido,5.0
184010,Albuquerque,2026-09-24 11:46:15,50,Escalado,
712200,Macedo,2026-09-24 11:47:27,58,Resolvido,1.0
884655,Barros S.A.,2026-09-24 11:48:09,62,Resolvido,2.0
53178,Vieira,2026-09-24 11:49:21,66,Resolvido,1.0
963689,Ribeiro,2026-09-24 11:44:45,23,Resolvido,5.0
405439,da Rocha,2026-09-24 11:49:40,12,Resolvido,5.0
145458,Melo,2026-09-24 11:48:28,55,Resolvido,2.0
815057,Ribeiro,2026-09-24 11:46:29,34,Resolvido,3.0
86552,Azevedo,2026-09-24 11:46:50,14,Resolvido,4.0
632732,Vasconcelos,2026-09-24 11:45:04,30,Em Andamento,
774495,Correia da Luz - EI,2026-09-24 11:46:59,71,Resolvido,2.0
9692,Silveira,2026-09-24 11:46:31,64,Resolvido,1.0
441628,da Cruz S.A.,2026-09-24 11:48:18,2,Resolvido,5.0
935777,Porto Viana S.A.,2026-09-24 11:44:44,13,Resolvido,5.0
65137,Martins,2026-09-24 11:45:00,14,Escalado,
388851,Pastor - ME,2026-09-24 11:44:21,9,Resolvido,5.0
61653,Novais,2026-09-24 11:46:41,54,Resolvido,2.0
486875,Sampaio Cunha - ME,2026-09-24 11:48:27,49,Resolvido,1.0
498893,Cavalcanti,2026-09-24 11:44:00,64,Em Andamento,
483606,Nascimento Ltda.,2026-09-24 11:43:57,37,Resolvido,4.0
446895,Moura S.A.,2026-09-24 11:45:11,37,Em Andamento,
187322,Peixoto,2026-09-24 11:46:25,44,Resolvido,3.0
191301,da Mota da Mota - ME,2026-09-24 11:44:08,33,Resolvido,4.0
499496,Souza Câmara - ME,2026-09-24 11:46:18,19,Em Andamento,
3005,Vieira,2026-09-24 11:46:39,60,Resolvido,3.0
829366,Azevedo,2026-09-24 11:46:48,5,Resolvido,4.0
565986,Pereira e Filhos,2026-09-24 11:48:17,16,Resolvido,5.0
472294,Pereira Porto S/A,2026-09-24 11:44:50,69,Resolvido,2.0
723776,Campos,2026-09-24 11:47:50,51,Resolvido,1.0
407577,Duarte e Filhos,2026-09-24 11:48:44,13,Resolvido,4.0
264395,Vargas Caldeira - EI,2026-09-24 11:47:59,14,Resolvido,5.0
384503,Teixeira - ME,2026-09-24 11:46:34,48,Escalado,
69969,Sales,2026-09-24 11:47:59,44,Resolvido,3.0
221699,da Cunha Vargas - EI,2026-09-24 11:48:20,59,Resolvido,3.0
855410,Moreira S/A,2026-09-24 11:44:50,71,Resolvido,2.0
430818,Souza,2026-09-24 11:48:50,70,Resolvido,1.0
783656,Rodrigues,2026-09-24 11:47:19,8,Resolvido,5.0
663887,Mendes,2026-09-24 11:44:22,3,Resolvido,5.0
943263,Albuquerque Peixoto S/A,2026-09-24 11:45:58,41,Escalado,
765408,Pereira,2026-09-24 11:48:33,38,Resolvido,4.0
796919,Porto,2026-09-24 11:47:40,51,Em Andamento,
729877,Fonseca Cardoso e Filhos,2026-09-24 11:48:13,46,Escalado,
515904,Novais Andrade S/A,2026-09-24 11:49:47,64,Em Andamento,
952578,Pacheco S.A.,2026-09-24 11:48:48,8,Resolvido,5.0
58415,Gomes,2026-09-24 11:49:44,3,Escalado,
897005,Moreira Brito - EI,2026-09-24 11:47:42,21,Resolvido,5.0
716338,Lopes,2026-09-24 11:44:34,72,Resolvido,2.0
636280,Freitas,2026-09-24 11:45:58,39,Resolvido,4.0
404413,Freitas,2026-09-24 11:44:22,16,Em Andamento,
447574,Aragão,2026-09-24 11:45:00,19,Resolvido,5.0
977592,Pimenta,2026-09-24 11:46:59,38,Resolvido,4.0
114709,Melo,2026-09-24 11:44:10,21,Resolvido,5.0
862440,Almeida S.A.,2026-09-24 11:45:59,36,Resolvido,3.0
140143,Machado,2026-09-24 11:47:34,64,Resolvido,3.0
830225,Pimenta,2026-09-24 11:47:30,59,Em Andamento,
670035,Santos,2026-09-24 11:45:47,28,Em Andamento,
762816,Borges Gonçalves e Filhos,2026-09-24 11:44:12,12,Em Andamento,
648221,Farias S/A,2026-09-24 11:46:19,20,Resolvido,5.0
249763,Azevedo Cunha e Filhos,2026-09-24 11:44:28,57,Resolvido,2.0
238298,da Cruz Ltda.,2026-09-24 11:48:00,43,Resolvido,3.0
829843,Rocha Ltda.,2026-09-24 11:48:22,4,Resolvido,4.0
919051,Fogaça,2026-09-24 11:46:41,20,Em Andamento,
892190,Viana Garcia - ME,2026-09-24 11:47:47,50,Resolvido,3.0
437476,Almeida Cavalcanti - EI,2026-09-24 11:47:41,31,Resolvido,3.0
569541,Mendonça das Neves e Filhos,2026-09-24 11:48:07,59,Resolvido,1.0
210844,da Mata S/A,2026-09-24 11:47:37,54,Resolvido,1.0
364081,Oliveira,2026-09-24 11:46:00,3,Resolvido,5.0
299174,Rocha,2026-09-24 11:44:45,56,Resolvido,1.0
918067,Aparecida,2026-09-24 11:48:45,12,Resolvido,5.0
594707,da Luz S/A,2026-09-24 11:45:46,56,Resolvido,1.0
443972,Nogueira da Rosa e Filhos,2026-09-24 11:45:31,27,Resolvido,3.0
748066,Rocha Souza S.A.,2026-09-24 11:45:02,14,Resolvido,5.0
314989,Machado - EI,2026-09-24 11:45:42,35,Resolvido,3.0
679864,Lopes Cunha - ME,2026-09-24 11:48:09,26,Resolvido,4.0
586747,Pastor Santos S/A,2026-09-24 11:46:51,47,Resolvido,3.0
728166,Pires,2026-09-24 11:46:51,18,Em Andamento,
627523,Costa Moreira e Filhos,2026-09-24 11:44:08,72,Resolvido,1.0
106896,Alves,2026-09-24 11:43:53,3,Resolvido,5.0
336106,da Rosa,2026-09-24 11:46:03,70,Resolvido,1.0
252557,Mendes,2026-09-24 11:47:11,67,Resolvido,3.0
895759,Aragão,2026-09-24 11:49:35,50,Resolvido,1.0
131431,Lima,2026-09-24 11:47:42,69,Resolvido,1.0
568373,Oliveira,2026-09-24 11:46:09,13,Resolvido,5.0
416223,Ribeiro Sales S/A,2026-09-24 11:49:43,39,Resolvido,4.0
455348,Nogueira Pires - EI,2026-09-24 11:48:51,39,Resolvido,3.0
254641,Brito,2026-09-24 11:49:15,44,Resolvido,3.0
69860,Sales,2026-09-24 11:45:26,34,Resolvido,3.0
202504,Macedo,2026-09-24 11:49:40,44,Resolvido,3.0
944426,Barros,2026-09-24 11:47:13,64,Em Andamento,
43352,Leão da Cunha Ltda.,2026-09-24 11:48:35,12,Resolvido,5.0
572029,Vieira - ME,2026-09-24 11:44:26,2,Resolvido,5.0
615598,Farias,2026-09-24 11:46:07,63,Em Andamento,
483011,Barros S/A,2026-09-24 11:43:58,53,Resolvido,1.0
455640,Pires,2026-09-24 11:44:01,32,Resolvido,3.0
803577,Barbosa - EI,2026-09-24 11:45:44,52,Em Andamento,
44566,da Rocha,2026-09-24 11:48:56,47,Resolvido,3.0
535905,Jesus - ME,2026-09-24 11:46:29,11,Escalado,
597478,da Mata,2026-09-24 11:49:09,2,Resolvido,5.0
174881,Peixoto - EI,2026-09-24 11:46:34,16,Em Andamento,
73812,Freitas Cassiano S.A.,2026-09-24 11:47:24,3,Resolvido,4.0
400100,Sales,2026-09-24 11:45:04,51,Resolvido,3.0
106431,Pimenta,2026-09-24 11:46:19,60,Em Andamento,
63676,Pereira,2026-09-24 11:47:44,55,Resolvido,3.0
235919,Fonseca e Filhos,2026-09-24 11:49:12,61,Resolvido,1.0
430019,Sales,2026-09-24 11:48:15,47,Resolvido,4.0
620471,Freitas Cunha S/A,2026-09-24 11:45:49,21,Resolvido,5.0
568594,Pastor - EI,2026-09-24 11:46:00,33,Resolvido,4.0
233648,Moraes Camargo e Filhos,2026-09-24 11:47:45,20,Escalado,
214825,Silva e Filhos,2026-09-24 11:49:00,17,Resolvido,4.0
517266,da Paz,2026-09-24 11:47:03,32,Escalado,
667066,Casa Grande,2026-09-24 11:46:03,11,Em Andamento,
780368,Duarte Farias S/A,2026-09-24 11:47:42,4,Resolvido,4.0
527791,Cassiano,2026-09-24 11:49:37,37,Resolvido,4.0
692911,Ferreira,2026-09-24 11:48:53,71,Resolvido,1.0
562755,Monteiro,2026-09-24 11:49:43,35,Resolvido,3.0
646354,Gomes,2026-09-24 11:44:20,19,Resolvido,5.0
187169,Azevedo,2026-09-24 11:48:59,31,Resolvido,4.0
990130,Camargo,2026-09-24 11:49:44,68,Resolvido,1.0
430352,Costa,2026-09-24 11:47:54,6,Resolvido,4.0
113823,Cavalcante da Luz - EI,2026-09-24 11:46:39,17,Resolvido,5.0
513425,da Luz Albuquerque - EI,2026-09-24 11:49:22,18,Escalado,
496132,Cunha,2026-09-24 11:49:00,48,Em Andamento,
689844,Sales Costela S/A,2026-09-24 11:47:05,26,Resolvido,3.0
627324,Almeida Almeida - EI,2026-09-24 11:47:40,60,Escalado,
993018,Macedo Caldeira Ltda.,2026-09-24 11:47:53,62,Resolvido,2.0
792454,Aparecida Lima Ltda.,2026-09-24 11:45:56,72,Resolvido,1.0
290892,Lopes,2026-09-24 11:48:02,43,Resolvido,3.0
36732,Vargas da Costa S/A,2026-09-24 11:49:04,51,Resolvido,2.0
536272,Campos,2026-09-24 11:45:58,8,Resolvido,5.0
271816,Cirino - ME,2026-09-24 11:45:21,41,Resolvido,4.0
367003,da Mota,2026-09-24 11:48:36,25,Resolvido,4.0
52622,Pinto,2026-09-24 11:46:15,24,Resolvido,4.0
32329,Rios,2026-09-24 11:49:29,40,Resolvido,4.0
160251,Rocha,2026-09-24 11:46:02,65,Resolvido,3.0
536491,Novaes da Conceição - EI,2026-09-24 11:44:46,31,Escalado,
294371,da Cunha - ME,2026-09-24 11:46:08,36,Resolvido,3.0
98039,Camargo Aragão e Filhos,2026-09-24 11:46:40,29,Resolvido,4.0
661598,Fernandes - ME,2026-09-24 11:43:52,59,Resolvido,1.0
759950,Melo,2026-09-24 11:44:03,18,Em Andamento,
861474,Barros,2026-09-24 11:47:05,52,Em Andamento,
108567,da Costa,2026-09-24 11:47:13,22,Resolvido,5.0
509649,Nunes,2026-09-24 11:49:37,67,Resolvido,1.0
237956,Rezende,2026-09-24 11:47:33,35,Resolvido,3.0
669577,Rezende,2026-09-24 11:44:18,16,Resolvido,5.0
206717,Pastor,2026-09-24 11:46:06,49,Resolvido,3.0
61854,Garcia Novais - ME,2026-09-24 11:46:51,68,Em Andamento,
469516,Novais Ltda.,2026-09-24 11:49:36,51,Resolvido,3.0
735432,Marques,2026-09-24 11:46:13,35,Resolvido,3.0
48751,Albuquerque Andrade Ltda.,2026-09-24 11:47:25,7,Resolvido,5.0
698087,Sá Dias S.A.,2026-09-24 11:49:39,52,Em Andamento,
388517,da Paz,2026-09-24 11:49:24,15,Resolvido,5.0
566185,Porto,2026-09-24 11:47:05,38,Escalado,
742511,Azevedo Aparecida S/A,2026-09-24 11:45:58,42,Em Andamento,
244359,Vasconcelos,2026-09-24 11:45:37,42,Resolvido,4.0
604125,Brito,2026-09-24 11:49:45,51,Em Andamento,
837164,da Paz - EI,2026-09-24 11:49:02,41,Resolvido,3.0
171174,Almeida,2026-09-24 11:49:08,67,Resolvido,2.0
943286,da Rosa,2026-09-24 11:49:43,50,Resolvido,1.0
79187,Albuquerque Carvalho - EI,2026-09-24 11:46:54,64,Resolvido,2.0
642625,Pimenta e Filhos,2026-09-24 11:47:31,42,Resolvido,4.0
906566,Câmara,2026-09-24 11:48:46,15,Resolvido,5.0
194957,Moreira S.A.,2026-09-24 11:47:09,14,Resolvido,5.0
656814,Fonseca,2026-09-24 11:44:07,29,Resolvido,3.0
391816,Monteiro,2026-09-24 11:47:05,56,Resolvido,3.0
848618,Pires,2026-09-24 11:47:23,49,Em Andamento,
380649,Pinto S.A.,2026-09-24 11:47:48,71,Em Andamento,
39540,Santos Câmara e Filhos,2026-09-24 11:48:48,59,Resolvido,1.0
988192,Garcia - EI,2026-09-24 11:44:18,22,Escalado,
437731,Fonseca,2026-09-24 11:46:15,23,Em Andamento,
134550,Monteiro,2026-09-24 11:46:48,38,Resolvido,3.0
481925,Barbosa - ME,2026-09-24 11:43:52,36,Resolvido,3.0
377110,Novais Câmara - EI,2026-09-24 11:49:20,2,Resolvido,5.0
675225,Freitas,2026-09-24 11:43:56,63,Resolvido,3.0
654245,Carvalho Câmara - EI,2026-09-24 11:47:00,31,Resolvido,4.0
158781,Gonçalves,2026-09-24 11:44:22,53,Resolvido,1.0
971377,Mendonça,2026-09-24 11:47:55,42,Escalado,
724989,Siqueira,2026-09-24 11:47:56,52,Escalado,
147235,Garcia S.A.,2026-09-24 11:43:55,39,Escalado,
281613,Novais e Filhos,2026-09-24 11:47:31,69,Resolvido,1.0
216570,Silva S.A.,2026-09-24 11:44:58,5,Resolvido,5.0
252791,Sá,2026-09-24 11:45:42,49,Escalado,
812892,Andrade,2026-09-24 11:48:37,18,Resolvido,4.0
390562,Pacheco,2026-09-24 11:46:34,71,Resolvido,1.0
781673,Barbosa,2026-09-24 11:49:13,16,Resolvido,4.0
955588,Moreira Melo S/A,2026-09-24 11:49:46,47,Resolvido,3.0
597029,Porto,2026-09-24 11:44:30,66,Em Andamento,
693850,Ramos,2026-09-24 11:45:29,29,Resolvido,3.0
454736,Pereira,2026-09-24 11:49:15,71,Em Andamento,
258448,Melo,2026-09-24 11:45:10,6,Resolvido,5.0
317793,Caldeira - ME,2026-09-24 11:48:44,51,Resolvido,2.0
748734,Porto da Costa - ME,2026-09-24 11:48:36,52,Resolvido,1.0
444285,Lopes,2026-09-24 11:48:11,8,Resolvido,5.0
983069,Cassiano,2026-09-24 11:45:08,5,Resolvido,4.0
89306,Jesus,2026-09-24 11:46:25,51,Em Andamento,
296098,Machado Pires S.A.,2026-09-24 11:47:30,49,Resolvido,1.0
995213,Sales,2026-09-24 11:45:20,31,Resolvido,3.0
205551,Sales Guerra e Filhos,2026-09-24 11:48:15,42,Resolvido,3.0
168553,da Rocha,2026-09-24 11:48:11,17,Resolvido,5.0
106340,Monteiro,2026-09-24 11:47:57,72,Escalado,
815629,Cirino,2026-09-24 11:46:36,15,Resolvido,5.0
413828,Pereira - ME,2026-09-24 11:47:31,44,Escalado,
713845,Lopes S/A,2026-09-24 11:49:35,57,Resolvido,2.0
701683,Santos,2026-09-24 11:49:23,1,Em Andamento,
831623,Pires,2026-09-24 11:44:36,35,Em Andamento,
957358,Andrade,2026-09-24 11:45:14,52,Resolvido,2.0
889255,Monteiro Ltda.,2026-09-24 11:46:04,34,Resolvido,3.0
246833,Cardoso Ltda.,2026-09-24 11:48:30,15,Resolvido,5.0
102462,Rocha Ltda.,2026-09-24 11:44:14,48,Em Andamento,
741353,Rocha,2026-09-24 11:45:34,15,Resolvido,4.0
527074,Borges Novais S/A,2026-09-24 11:44:43,31,Em Andamento,
309802,Aparecida,2026-09-24 11:44:48,9,Em Andamento,
862550,Rios,2026-09-24 11:48:03,23,Resolvido,5.0
86723,Gomes - EI,2026-09-24 11:46:57,48,Em Andamento,
312199,Casa Grande das Neves - ME,2026-09-24 11:46:18,37,Resolvido,3.0
926084,Macedo,2026-09-24 11:49:30,50,Escalado,
543656,das Neves das Neves - EI,2026-09-24 11:45:42,44,Resolvido,4.0
324309,Andrade,2026-09-24 11:49:03,18,Resolvido,5.0
59014,da Costa Cavalcanti S/A,2026-09-24 11:46:21,19,Resolvido,5.0
963834,Sampaio S.A.,2026-09-24 11:48:56,53,Escalado,
967787,da Paz - EI,2026-09-24 11:48:01,70,Resolvido,2.0
110358,Montenegro,2026-09-24 11:45:32,42,Resolvido,3.0
968951,Brito,2026-09-24 11:45:16,63,Resolvido,1.0
294726,Moraes - EI,2026-09-24 11:45:47,27,Resolvido,4.0
882211,Aparecida Ltda.,2026-09-24 11:48:31,52,Resolvido,1.0
55297,Almeida da Conceição S.A.,2026-09-24 11:49:31,16,Resolvido,4.0
46344,Moraes Mendonça S.A.,2026-09-24 11:48:53,58,Resolvido,1.0
659172,Melo S/A,2026-09-24 11:46:40,66,Escalado,
263064,das Neves,2026-09-24 11:47:12,64,Em Andamento,
682787,Guerra,2026-09-24 11:46:10,18,Resolvido,5.0
111333,Ribeiro,2026-09-24 11:45:14,22,Resolvido,5.0
718933,Melo,2026-09-24 11:45:05,41,Resolvido,4.0
697787,Castro,2026-09-24 11:45:53,62,Resolvido,2.0
739930,Gonçalves,2026-09-24 11:45:49,11,Resolvido,5.0
630774,Brito,2026-09-24 11:45:31,28,Em Andamento,
967565,Novaes Cirino - EI,2026-09-24 11:48:26,69,Resolvido,1.0
634520,Cardoso,2026-09-24 11:45:08,41,Resolvido,4.0
633852,Fernandes,2026-09-24 11:45:12,37,Resolvido,4.0
570404,Lopes Santos Ltda.,2026-09-24 11:49:14,53,Em Andamento,
631077,Abreu,2026-09-24 11:44:55,13,Resolvido,4.0
364127,Viana Casa Grande S.A.,2026-09-24 11:49:35,1,Resolvido,5.0
5761,Azevedo,2026-09-24 11:47:25,28,Resolvido,4.0
501834,Teixeira,2026-09-24 11:49:08,28,Resolvido,4.0
804184,Moreira - ME,2026-09-24 11:49:48,9,Resolvido,5.0
368247,Carvalho Souza S.A.,2026-09-24 11:47:42,54,Resolvido,2.0
930312,Campos e Filhos,2026-09-24 11:48:24,37,Resolvido,4.0
220856,Aragão Santos S/A,2026-09-24 11:49:42,71,Resolvido,1.0
88777,Nascimento Siqueira S.A.,2026-09-24 11:44:14,11,Em Andamento,
38927,Silva S.A.,2026-09-24 11:47:20,38,Resolvido,4.0
164262,Porto Abreu - EI,2026-09-24 11:44:25,20,Em Andamento,
553679,Caldeira Borges S.A.,2026-09-24 11:46:23,63,Resolvido,3.0
24409,Araújo Almeida - ME,2026-09-24 11:44:26,27,Resolvido,3.0
51686,Mendes,2026-09-24 11:49:42,46,Resolvido,4.0
880964,Freitas,2026-09-24 11:49:08,59,Resolvido,2.0
813786,Sales S/A,2026-09-24 11:47:48,33,Resolvido,3.0
615263,Cavalcante Oliveira e Filhos,2026-09-24 11:45:26,1,Em Andamento,
569923,Montenegro Moura S/A,2026-09-24 11:44:48,40,Resolvido,4.0
479013,Pimenta Gomes - EI,2026-09-24 11:44:50,31,Resolvido,4.0
101077,Sousa,2026-09-24 11:47:05,50,Em Andamento,
722233,da Mota - EI,2026-09-24 11:49:13,31,Resolvido,4.0
119468,Guerra Cavalcante e Filhos,2026-09-24 11:48:06,50,Resolvido,1.0
587826,Cavalcante Ltda.,2026-09-24 11:48:09,49,Em Andamento,
404370,Sales Silva e Filhos,2026-09-24 11:47:39,58,Resolvido,1.0
858042,Gomes S/A,2026-09-24 11:46:43,62,Em Andamento,
573065,Sousa das Neves - ME,2026-09-24 11:43:54,66,Escalado,
4233,Teixeira,2026-09-24 11:44:30,33,Resolvido,4.0
843748,Casa Grande - EI,2026-09-24 11:48:08,69,Resolvido,1.0
838287,Pimenta e Filhos,2026-09-24 11:44:35,31,Resolvido,4.0
202876,Sousa S/A,2026-09-24 11:47:52,50,Resolvido,1.0
556357,Freitas Siqueira S.A.,2026-09-24 11:48:18,38,Resolvido,3.0
737548,Fogaça,2026-09-24 11:46:42,72,Resolvido,3.0
622874,Fonseca,2026-09-24 11:49:42,5,Resolvido,5.0
825247,Fogaça,2026-09-24 11:48:46,29,Resolvido,3.0
117597,Nogueira e Filhos,2026-09-24 11:49:44,46,Resolvido,3.0
567129,Vargas Freitas Ltda.,2026-09-24 11:48:11,26,Em Andamento,
123568,Almeida Duarte S/A,2026-09-24 11:44:26,32,Resolvido,3.0
53785,Nunes Ltda.,2026-09-24 11:47:52,71,Em Andamento,
286006,Casa Grande S/A,2026-09-24 11:47:17,12,Resolvido,4.0
464515,Moura - EI,2026-09-24 11:47:42,50,Em Andamento,
45750,da Conceição,2026-09-24 11:49:44,11,Resolvido,5.0
897671,da Paz Sá - EI,2026-09-24 11:49:43,52,Em Andamento,
669913,Pereira,2026-09-24 11:47:07,65,Resolvido,3.0
925385,Correia Marques S.A.,2026-09-24 11:47:43,17,Resolvido,4.0
630356,Pinto,2026-09-24 11:44:59,58,Em Andamento,
692860,Marques - EI,2026-09-24 11:48:37,28,Em Andamento,
242328,Machado Rocha S.A.,2026-09-24 11:45:22,26,Resolvido,3.0
437342,Ribeiro,2026-09-24 11:47:01,37,Escalado,
715415,Rocha,2026-09-24 11:44:14,41,Resolvido,3.0
206877,da Cunha,2026-09-24 11:48:46,37,Resolvido,4.0
74771,Costela,2026-09-24 11:48:21,31,Resolvido,3.0
128963,Melo S/A,2026-09-24 11:43:52,46,Em Andamento,
550329,Lopes Rodrigues Ltda.,2026-09-24 11:43:53,24,Resolvido,5.0
339955,Borges - ME,2026-09-24 11:48:27,24,Em Andamento,
871712,Nascimento,2026-09-24 11:45:23,31,Resolvido,3.0
20091,Mendonça,2026-09-24 11:48:37,42,Resolvido,3.0
133417,da Rocha S/A,2026-09-24 11:45:39,62,Escalado,
956898,Garcia Melo S/A,2026-09-24 11:49:26,17,Resolvido,5.0
721716,Correia Ltda.,2026-09-24 11:46:19,69,Resolvido,3.0
481073,Silveira,2026-09-24 11:48:05,9,Resolvido,5.0
723146,Gomes,2026-09-24 11:47:28,35,Resolvido,3.0
753222,Cavalcanti e Filhos,2026-09-24 11:44:54,17,Resolvido,5.0
579164,Souza Peixoto S/A,2026-09-24 11:46:50,25,Escalado,
884184,Ribeiro,2026-09-24 11:44:06,50,Resolvido,1.0
987560,Porto,2026-09-24 11:47:18,3,Resolvido,5.0
774533,Farias,2026-09-24 11:48:43,28,Resolvido,4.0
388630,Mendonça,2026-09-24 11:44:38,49,Em Andamento,
881920,Casa Grande,2026-09-24 11:49:24,13,Em Andamento,
176654,da Conceição S/A,2026-09-24 11:49:44,51,Resolvido,1.0
1648,Gomes,2026-09-24 11:47:41,25,Resolvido,3.0
740906,Pacheco Rezende Ltda.,2026-09-24 11:49:38,37,Resolvido,3.0
10019,Novais Ltda.,2026-09-24 11:48:26,8,Resolvido,5.0
218991,Moreira,2026-09-24 11:49:22,46,Em Andamento,
450297,Albuquerque - ME,2026-09-24 11:49:48,2,Resolvido,5.0
251634,Brito,2026-09-24 11:45:55,44,Resolvido,4.0
205387,Costa,2026-09-24 11:49:28,58,Resolvido,2.0
934953,Nunes,2026-09-24 11:48:18,55,Escalado,
664900,Gonçalves,2026-09-24 11:49:07,6,Escalado,
594565,Cavalcanti,2026-09-24 11:43:49,41,Resolvido,3.0
844611,Machado S.A.,2026-09-24 11:46:24,29,Resolvido,4.0
976357,Cavalcanti,2026-09-24 11:44:31,11,Resolvido,5.0
294871,Nascimento Porto e Filhos,2026-09-24 11:45:38,13,Resolvido,5.0
303129,Cavalcanti,2026-09-24 11:49:11,6,Resolvido,5.0
15539,Campos,2026-09-24 11:44:16,57,Resolvido,1.0
116348,Novais,2026-09-24 11:44:44,25,Em Andamento,
250970,Silveira Câmara e Filhos,2026-09-24 11:46:59,53,Em Andamento,
262047,Nunes Ltda.,2026-09-24 11:45:40,54,Resolvido,1.0
708270,Leão,2026-09-24 11:48:08,46,Em Andamento,
856029,Sales,2026-09-24 11:46:40,13,Em Andamento,
739557,Albuquerque Sousa - EI,2026-09-24 11:46:22,39,Escalado,
553428,Fernandes,2026-09-24 11:49:29,26,Resolvido,4.0
324867,Campos Casa Grande S/A,2026-09-24 11:44:31,9,Escalado,
104194,Cassiano Monteiro S/A,2026-09-24 11:45:20,68,Em Andamento,
467529,Nascimento e Filhos,2026-09-24 11:46:18,41,Resolvido,3.0
618035,Cardoso Jesus - ME,2026-09-24 11:44:13,64,Resolvido,1.0
870571,das Neves,2026-09-24 11:44:11,53,Resolvido,1.0
735215,Ramos Ltda.,2026-09-24 11:48:07,50,Resolvido,1.0
366356,Borges Casa Grande - ME,2026-09-24 11:46:50,14,Resolvido,5.0
202838,Ribeiro,2026-09-24 11:46:19,26,Resolvido,3.0
759763,Pires S.A.,2026-09-24 11:47:26,10,Resolvido,5.0
470426,Mendes Ltda.,2026-09-24 11:49:17,66,Resolvido,1.0
265782,Barbosa,2026-09-24 11:49:47,28,Escalado,
402217,Martins Cavalcante - EI,2026-09-24 11:45:01,27,Resolvido,3.0
980790,Oliveira - ME,2026-09-24 11:47:23,26,Resolvido,3.0
366843,Barbosa,2026-09-24 11:46:03,11,Resolvido,5.0
211191,Macedo,2026-09-24 11:45:42,60,Resolvido,1.0
977941,da Paz S.A.,2026-09-24 11:44:26,36,Resolvido,4.0
939143,Cavalcanti Cassiano Ltda.,2026-09-24 11:45:35,16,Em Andamento,
3225,Pimenta,2026-09-24 11:48:45,21,Resolvido,5.0
574343,Farias Silveira - ME,2026-09-24 11:48:38,35,Resolvido,4.0
779236,Garcia,2026-09-24 11:44:32,1,Resolvido,4.0
860468,Cavalcanti,2026-09-24 11:44:53,34,Resolvido,3.0
287541,Marques,2026-09-24 11:44:05,28,Resolvido,4.0
297935,Cardoso e Filhos,2026-09-24 11:46:05,41,Resolvido,3.0
396280,Ribeiro,2026-09-24 11:43:49,4,Resolvido,5.0
454052,Moura,2026-09-24 11:48:27,67,Escalado,
710370,Leão,2026-09-24 11:48:22,41,Resolvido,4.0
754515,das Neves,2026-09-24 11:44:57,42,Resolvido,3.0
930163,da Rocha,2026-09-24 11:46:25,41,Resolvido,3.0
949803,Castro,2026-09-24 11:49:28,2,Escalado,
862069,Nogueira S.A.,2026-09-24 11:47:03,28,Resolvido,3.0
721148,da Costa,2026-09-24 11:47:00,12,Em Andamento,
707814,Andrade,2026-09-24 11:47:05,65,Escalado,
103023,Vasconcelos - EI,2026-09-24 11:48:31,69,Em Andamento,
737491,Sá - EI,2026-09-24 11:48:58,43,Resolvido,3.0
326131,Teixeira S.A.,2026-09-24 11:46:06,7,Resolvido,4.0
985819,Lima - ME,2026-09-24 11:48:23,71,Resolvido,2.0
256093,Barros Barros - ME,2026-09-24 11:47:30,33,Em Andamento,
122122,Carvalho Camargo - ME,2026-09-24 11:49:19,61,Resolvido,1.0
807505,Montenegro - ME,2026-09-24 11:46:58,49,Resolvido,1.0
517232,Aragão,2026-09-24 11:49:46,51,Em Andamento,
526231,Mendonça Nogueira S.A.,2026-09-24 11:44:25,22,Escalado,
772352,Barros,2026-09-24 11:48:20,15,Resolvido,5.0
735444,Câmara,2026-09-24 11:46:13,68,Em Andamento,
769497,Araújo,2026-09-24 11:45:45,37,Resolvido,4.0
127828,Silveira,2026-09-24 11:46:15,59,Em Andamento,
738759,Azevedo,2026-09-24 11:46:08,32,Em Andamento,
818348,Nunes,2026-09-24 11:46:10,39,Em Andamento,
239211,Ramos Castro - ME,2026-09-24 11:45:01,21,Em Andamento,
154420,da Cunha - ME,2026-09-24 11:49:46,52,Resolvido,3.0
627327,Vargas,2026-09-24 11:47:33,7,Em Andamento,
381256,da Conceição - ME,2026-09-24 11:45:55,18,Resolvido,5.0
987712,Câmara Garcia e Filhos,2026-09-24 11:49:08,17,Resolvido,5.0
299086,Carvalho e Filhos,2026-09-24 11:45:02,56,Resolvido,2.0
256735,Cunha S/A,2026-09-24 11:48:51,41,Resolvido,3.0
773318,Vargas,2026-09-24 11:47:51,28,Resolvido,4.0
507421,Correia,2026-09-24 11:49:33,10,Resolvido,4.0
189041,Albuquerque e Filhos,2026-09-24 11:44:54,38,Resolvido,3.0
644547,Ribeiro,2026-09-24 11:45:25,71,Resolvido,1.0
542620,Fonseca,2026-09-24 11:48:16,20,Em Andamento,
356511,Fonseca S.A.,2026-09-24 11:48:27,61,Resolvido,3.0
979304,Correia,2026-09-24 11:44:16,41,Resolvido,3.0
933275,Fonseca da Luz S/A,2026-09-24 11:44:45,35,Resolvido,3.0
879149,Brito,2026-09-24 11:48:07,11,Resolvido,5.0
380819,Sousa S/A,2026-09-24 11:47:18,26,Resolvido,3.0
706067,Silva Monteiro - EI,2026-09-24 11:44:50,71,Resolvido,1.0
698701,Novais,2026-09-24 11:47:19,4,Resolvido,5.0
912248,Sampaio Silva S/A,2026-09-24 11:46:36,10,Resolvido,5.0
397963,Leão S.A.,2026-09-24 11:44:45,65,Resolvido,1.0
965080,Cassiano,2026-09-24 11:45:09,5,Em Andamento,
62949,Guerra,2026-09-24 11:48:13,31,Resolvido,4.0
990022,Guerra Azevedo e Filhos,2026-09-24 11:44:51,4,Em Andamento,
655724,Duarte,2026-09-24 11:45:03,18,Resolvido,4.0
944709,Camargo,2026-09-24 11:48:29,35,Em Andamento,
715661,Abreu - ME,2026-09-24 11:45:50,29,Em Andamento,
68714,Cirino Pinto - EI,2026-09-24 11:49:29,47,Resolvido,4.0
882012,Souza Garcia e Filhos,2026-09-24 11:48:52,53,Em Andamento,
656324,Melo Souza S.A.,2026-09-24 11:47:50,5,Resolvido,5.0
706454,Ribeiro Fernandes S.A.,2026-09-24 11:45:39,12,Em Andamento,
859441,Aparecida S/A,2026-09-24 11:45:45,4,Resolvido,4.0
242297,Monteiro,2026-09-24 11:45:19,41,Resolvido,4.0
359860,Freitas,2026-09-24 11:44:05,43,Em Andamento,
27907,Rodrigues,2026-09-24 11:44:32,30,Resolvido,3.0
828912,Fernandes,2026-09-24 11:48:43,60,Resolvido,3.0
885187,da Cunha Monteiro - EI,2026-09-24 11:48:55,48,Escalado,
722726,Cunha,2026-09-24 11:44:41,40,Em Andamento,
385754,da Luz,2026-09-24 11:47:08,26,Resolvido,4.0
640707,Costa S/A,2026-09-24 11:44:44,5,Escalado,
99962,Peixoto,2026-09-24 11:47:53,10,Resolvido,5.0
901841,Carvalho,2026-09-24 11:45:55,41,Escalado,
233030,Porto,2026-09-24 11:44:47,16,Resolvido,5.0
854737,Fonseca,2026-09-24 11:48:11,38,Resolvido,3.0
988364,Fogaça Ltda.,2026-09-24 11:45:11,30,Resolvido,3.0
233156,da Mata Moreira - ME,2026-09-24 11:46:53,32,Resolvido,4.0
167408,Azevedo Andrade e Filhos,2026-09-24 11:45:19,50,Resolvido,1.0
18770,Lopes e Filhos,2026-09-24 11:44:54,47,Resolvido,4.0
911390,Freitas e Filhos,2026-09-24 11:44:30,23,Em Andamento,
677592,Costela,2026-09-24 11:49:03,43,Resolvido,3.0
613504,Pinto,2026-09-24 11:48:59,34,Em Andamento,
167864,Sá Rios Ltda.,2026-09-24 11:45:42,14,Resolvido,5.0
500611,Siqueira,2026-09-24 11:47:22,32,Em Andamento,
239601,Fernandes,2026-09-24 11:44:29,65,Escalado,
221146,Azevedo,2026-09-24 11:46:28,16,Escalado,
310153,Cavalcante - EI,2026-09-24 11:46:47,35,Resolvido,4.0
860234,da Cunha Rios - EI,2026-09-24 11:49:03,52,Resolvido,1.0
412835,Melo,2026-09-24 11:47:13,37,Escalado,
4590,Marques Pires S/A,2026-09-24 11:44:12,61,Resolvido,2.0
960329,Martins,2026-09-24 11:44:29,69,Resolvido,3.0
938128,Silva,2026-09-24 11:45:18,28,Resolvido,3.0
386093,Freitas S.A.,2026-09-24 11:48:25,59,Resolvido,1.0
958617,Cavalcanti,2026-09-24 11:47:11,64,Resolvido,1.0
825807,Alves Gonçalves e Filhos,2026-09-24 11:47:04,2,Resolvido,5.0
335704,Santos Pimenta S.A.,2026-09-24 11:49:12,45,Em Andamento,
575109,Barbosa Ltda.,2026-09-24 11:44:17,17,Resolvido,4.0
238840,Moreira,2026-09-24 11:49:15,50,Resolvido,1.0
646576,Porto Sampaio - EI,2026-09-24 11:48:36,16,Em Andamento,
851120,Cavalcante Lopes e Filhos,2026-09-24 11:49:21,15,Resolvido,4.0
652204,Rodrigues S.A.,2026-09-24 11:48:59,65,Resolvido,1.0
52337,Castro,2026-09-24 11:43:58,42,Resolvido,3.0
317183,Leão Garcia Ltda.,2026-09-24 11:48:40,15,Escalado,
833589,Abreu,2026-09-24 11:44:01,1,Resolvido,5.0
666460,Pacheco S.A.,2026-09-24 11:48:32,23,Resolvido,5.0
454478,Camargo Costa - EI,2026-09-24 11:47:46,40,Em Andamento,
962358,Pires - ME,2026-09-24 11:47:19,28,Resolvido,4.0
202077,Pires,2026-09-24 11:46:08,68,Resolvido,3.0
157560,Nunes,2026-09-24 11:44:44,59,Resolvido,1.0
820680,Nunes,2026-09-24 11:47:24,52,Resolvido,1.0
609591,Costela Viana S/A,2026-09-24 11:49:26,67,Resolvido,1.0
926211,Sampaio,2026-09-24 11:45:04,32,Resolvido,4.0
430742,Barbosa - ME,2026-09-24 11:45:07,51,Resolvido,2.0
949397,Casa Grande,2026-09-24 11:45:09,39,Resolvido,4.0
57040,Melo S.A.,2026-09-24 11:48:34,65,Resolvido,1.0
583500,Moreira Ltda.,2026-09-24 11:48:09,35,Resolvido,4.0
451731,da Rocha - ME,2026-09-24 11:45:04,12,Em Andamento,
814553,Montenegro,2026-09-24 11:44:08,20,Resolvido,5.0
543601,Borges,2026-09-24 11:44:13,25,Resolvido,3.0
205048,Lima Farias - EI,2026-09-24 11:45:14,6,Em Andamento,
713064,Lopes,2026-09-24 11:44:31,15,Em Andamento,
577621,da Conceição,2026-09-24 11:46:02,15,Escalado,
857368,Moreira - EI,2026-09-24 11:46:30,44,Resolvido,3.0
718780,Cavalcante e Filhos,2026-09-24 11:45:39,7,Escalado,
549286,Cirino Ltda.,2026-09-24 11:43:54,42,Resolvido,4.0
763417,Brito,2026-09-24 11:45:22,65,Resolvido,1.0
735312,Santos Ribeiro S.A.,2026-09-24 11:47:42,56,Em Andamento,
230786,Cunha,2026-09-24 11:49:18,60,Resolvido,2.0
478880,Pastor,2026-09-24 11:45:53,34,Resolvido,3.0
277742,da Costa,2026-09-24 11:44:30,33,Em Andamento,
625821,Alves Moraes S/A,2026-09-24 11:44:55,56,Resolvido,3.0
323144,Silva,2026-09-24 11:45:02,17,Resolvido,4.0
257911,Oliveira,2026-09-24 11:48:32,2,Resolvido,5.0
269267,Borges,2026-09-24 11:46:33,43,Resolvido,3.0
905881,Araújo,2026-09-24 11:47:36,1,Escalado,
659483,Albuquerque Cavalcanti - ME,2026-09-24 11:47:51,37,Resolvido,3.0
7109,Moraes S.A.,2026-09-24 11:46:24,45,Resolvido,3.0
204269,Mendonça,2026-09-24 11:47:34,19,Resolvido,5.0
100019,Peixoto Silva S/A,2026-09-24 11:45:47,5,Escalado,
946586,Carvalho Sousa - ME,2026-09-24 11:47:20,45,Resolvido,3.0
29250,Oliveira,2026-09-24 11:46:21,40,Resolvido,3.0
633948,Pimenta,2026-09-24 11:48:16,66,Em Andamento,
190812,Novais Gonçalves - ME,2026-09-24 11:44:17,68,Resolvido,1.0
989509,Moura,2026-09-24 11:48:32,40,Resolvido,4.0
197540,Souza,2026-09-24 11:44:39,3,Escalado,
551480,Novaes Costa - EI,2026-09-24 11:48:52,48,Resolvido,4.0
519021,Pereira,2026-09-24 11:49:25,3,Resolvido,5.0
439293,da Luz,2026-09-24 11:48:53,20,Resolvido,5.0
52515,da Mata,2026-09-24 11:44:55,38,Em Andamento,
901115,Duarte,2026-09-24 11:49:44,21,Resolvido,5.0
204356,Brito,2026-09-24 11:46:29,66,Escalado,
690865,da Rocha - EI,2026-09-24 11:48:09,54,Escalado,
705353,Rios,2026-09-24 11:43:51,16,Resolvido,4.0
589539,da Luz - EI,2026-09-24 11:45:32,31,Em Andamento,
938758,Sá,2026-09-24 11:47:38,21,Resolvido,5.0
673533,da Conceição e Filhos,2026-09-24 11:47:52,24,Resolvido,5.0
308617,Fonseca S/A,2026-09-24 11:49:21,68,Resolvido,2.0
492091,Câmara,2026-09-24 11:44:16,41,Resolvido,4.0
188412,Fonseca,2026-09-24 11:48:11,56,Escalado,
199232,Leão Carvalho e Filhos,2026-09-24 11:46:20,45,Resolvido,3.0
542703,Teixeira e Filhos,2026-09-24 11:46:17,3,Escalado,
509635,Pacheco Dias S/A,2026-09-24 11:47:13,36,Resolvido,4.0
949489,Gomes S.A.,2026-09-24 11:46:26,27,Escalado,
606390,Pires Andrade - ME,2026-09-24 11:46:24,53,Resolvido,1.0
644785,da Mata,2026-09-24 11:44:43,42,Resolvido,3.0
127045,Carvalho - ME,2026-09-24 11:44:13,31,Em Andamento,
824111,Farias S/A,2026-09-24 11:49:03,36,Em Andamento,
67858,Macedo,2026-09-24 11:48:23,67,Resolvido,1.0
518161,Pereira S/A,2026-09-24 11:48:03,19,Em Andamento,
313793,Duarte Nogueira e Filhos,2026-09-24 11:44:00,50,Escalado,
752672,Siqueira,2026-09-24 11:46:53,45,Resolvido,4.0
774374,Viana Albuquerque S/A,2026-09-24 11:48:20,12,Resolvido,5.0
584643,Melo,2026-09-24 11:43:51,10,Resolvido,4.0
997370,Garcia S.A.,2026-09-24 11:47:20,63,Resolvido,1.0
330412,da Paz e Filhos,2026-09-24 11:45:48,51,Resolvido,2.0
991965,da Conceição - EI,2026-09-24 11:47:02,30,Resolvido,4.0
795782,Rocha,2026-09-24 11:45:50,9,Resolvido,4.0
835963,Sousa Pires - EI,2026-09-24 11:45:26,22,Resolvido,5.0
656347,Souza,2026-09-24 11:46:38,44,Escalado,
721220,Peixoto,2026-09-24 11:44:11,31,Resolvido,4.0
24097,Garcia Marques S.A.,2026-09-24 11:49:25,20,Resolvido,4.0
541558,Nunes - ME,2026-09-24 11:47:16,58,Em Andamento,
245674,Marques Andrade Ltda.,2026-09-24 11:48:35,25,Resolvido,3.0
372559,Fogaça,2026-09-24 11:49:24,23,Resolvido,5.0
616690,Pinto,2026-09-24 11:48:40,35,Resolvido,4.0
670400,Fernandes,2026-09-24 11:45:31,4,Resolvido,5.0
323605,da Costa Albuquerque S.A.,2026-09-24 11:49:49,35,Resolvido,3.0
197526,Andrade,2026-09-24 11:43:54,13,Resolvido,4.0
878673,Gomes da Conceição - EI,2026-09-24 11:44:00,28,Escalado,
480766,da Cruz,2026-09-24 11:46:00,48,Resolvido,4.0
60534,Castro,2026-09-24 11:44:55,43,Resolvido,3.0
519648,da Rocha - ME,2026-09-24 11:47:26,6,Em Andamento,
678727,Correia,2026-09-24 11:46:20,10,Em Andamento,
803496,Aparecida,2026-09-24 11:45:35,62,Resolvido,1.0
681750,Alves Ltda.,2026-09-24 11:46:22,11,Resolvido,5.0
649971,Vargas e Filhos,2026-09-24 11:46:42,13,Em Andamento,
734681,Vargas,2026-09-24 11:44:56,43,Resolvido,4.0
601004,Barbosa,2026-09-24 11:44:53,63,Escalado,
523826,Costela S.A.,2026-09-24 11:46:33,48,Resolvido,3.0
221737,Garcia Oliveira - ME,2026-09-24 11:46:03,63,Resolvido,1.0
158515,Sá,2026-09-24 11:49:05,46,Em Andamento,
764817,Brito - EI,2026-09-24 11:45:04,68,Resolvido,2.0
47428,Pereira Rios - EI,2026-09-24 11:45:37,44,Em Andamento,
963002,da Mata,2026-09-24 11:49:19,60,Em Andamento,
150430,Pastor,2026-09-24 11:45:36,43,Em Andamento,
790408,Novais S.A.,2026-09-24 11:45:38,27,Escalado,
342131,Barros S.A.,2026-09-24 11:49:17,51,Resolvido,3.0
499274,Campos,2026-09-24 11:44:15,16,Em Andamento,
216639,Costa - ME,2026-09-24 11:43:58,23,Em Andamento,
595733,Rodrigues Barbosa - ME,2026-09-24 11:48:26,72,Resolvido,2.0
802966,Ramos Camargo S.A.,2026-09-24 11:46:17,70,Escalado,
69204,Andrade,2026-09-24 11:48:20,7,Resolvido,5.0
295530,Costa,2026-09-24 11:44:26,6,Resolvido,5.0
935896,Camargo,2026-09-24 11:48:34,66,Em Andamento,
522474,Freitas e Filhos,2026-09-24 11:44:04,45,Escalado,
785158,Vargas,2026-09-24 11:49:10,64,Resolvido,1.0
689125,Jesus S.A.,2026-09-24 11:45:58,5,Resolvido,5.0
367955,Souza,2026-09-24 11:45:54,59,Escalado,
437901,Rocha,2026-09-24 11:43:56,63,Resolvido,3.0
119840,Fonseca,2026-09-24 11:48:36,63,Resolvido,1.0
385655,Albuquerque da Costa e Filhos,2026-09-24 11:46:21,49,Resolvido,3.0
144684,Rodrigues Ltda.,2026-09-24 11:47:39,24,Em Andamento,
586250,Fonseca S.A.,2026-09-24 11:44:33,6,Em Andamento,
631773,Pires Ltda.,2026-09-24 11:45:10,24,Resolvido,5.0
359822,da Mata - EI,2026-09-24 11:44:53,24,Escalado,
711074,Pinto,2026-09-24 11:46:50,28,Resolvido,4.0
879702,Sales - ME,2026-09-24 11:49:28,13,Resolvido,5.0
611618,Carvalho,2026-09-24 11:49:14,22,Em Andamento,
910636,Teixeira,2026-09-24 11:49:16,26,Resolvido,4.0
716501,Moraes,2026-09-24 11:49:03,23,Em Andamento,
414751,Cavalcante e Filhos,2026-09-24 11:46:01,47,Resolvido,3.0
897749,Aparecida,2026-09-24 11:47:13,29,Em Andamento,
787304,Costela Cassiano - EI,2026-09-24 11:47:34,21,Resolvido,4.0
101475,Pimenta da Mata Ltda.,2026-09-24 11:48:56,72,Resolvido,1.0
812249,Azevedo S/A,2026-09-24 11:49:13,54,Resolvido,3.0
33532,Costa S.A.,2026-09-24 11:49:40,68,Resolvido,1.0
440986,Barbosa Camargo S.A.,2026-09-24 11:45:44,38,Resolvido,3.0
387397,Melo - EI,2026-09-24 11:47:58,45,Resolvido,4.0
623161,Marques,2026-09-24 11:49:28,16,Resolvido,5.0
319684,Cirino Cassiano S/A,2026-09-24 11:45:41,45,Resolvido,3.0
768364,Abreu,2026-09-24 11:46:33,15,Em Andamento,
391829,Brito Leão e Filhos,2026-09-24 11:46:26,70,Resolvido,3.0
979196,Aragão Porto - EI,2026-09-24 11:49:21,35,Resolvido,3.0
931113,Sousa - ME,2026-09-24 11:47:20,39,Resolvido,4.0
337339,Cunha S/A,2026-09-24 11:47:17,37,Escalado,
564049,Sousa Moraes - ME,2026-09-24 11:45:40,15,Em Andamento,
481120,Lima,2026-09-24 11:45:02,12,Resolvido,5.0
845322,Leão,2026-09-24 11:48:05,11,Em Andamento,
940762,da Mata e Filhos,2026-09-24 11:44:53,39,Escalado,
806857,Pimenta - ME,2026-09-24 11:44:01,54,Escalado,
479232,Porto - ME,2026-09-24 11:44:57,12,Em Andamento,
62415,Novaes,2026-09-24 11:46:30,53,Resolvido,2.0
956653,da Conceição,2026-09-24 11:48:07,61,Resolvido,2.0
829401,Pereira,2026-09-24 11:47:01,39,Escalado,
993406,Pastor Siqueira e Filhos,2026-09-24 11:46:42,49,Resolvido,1.0
485253,Campos Cassiano - ME,2026-09-24 11:49:45,13,Em Andamento,
137325,Cirino Pinto S/A,2026-09-24 11:49:38,9,Resolvido,4.0
757739,Farias,2026-09-24 11:49:14,17,Resolvido,5.0
8817,Fogaça,2026-09-24 11:44:28,12,Resolvido,4.0
365046,Borges S/A,2026-09-24 11:46:31,7,Em Andamento,
873306,Sá,2026-09-24 11:45:52,13,Resolvido,5.0
567182,Cavalcanti Souza Ltda.,2026-09-24 11:46:49,58,Resolvido,1.0
674458,Freitas - ME,2026-09-24 11:49:15,47,Resolvido,4.0
512252,Cavalcante e Filhos,2026-09-24 11:48:11,40,Em Andamento,
897279,Vargas,2026-09-24 11:47:39,34,Resolvido,4.0
385249,Moura,2026-09-24 11:48:38,27,Resolvido,4.0
450853,Gomes e Filhos,2026-09-24 11:49:30,21,Resolvido,5.0
772710,Montenegro Guerra e Filhos,2026-09-24 11:46:28,63,Resolvido,1.0
773379,Brito - ME,2026-09-24 11:49:47,66,Em Andamento,
338756,Souza,2026-09-24 11:45:59,39,Resolvido,3.0
978498,Rodrigues Souza - ME,2026-09-24 11:44:02,65,Resolvido,1.0
766982,Casa Grande Lopes e Filhos,2026-09-24 11:49:28,7,Resolvido,5.0
478774,Sales - ME,2026-09-24 11:45:41,35,Resolvido,3.0
254781,Garcia Vieira e Filhos,2026-09-24 11:45:50,21,Resolvido,5.0
425834,da Costa,2026-09-24 11:46:40,21,Resolvido,5.0
878566,Albuquerque,2026-09-24 11:45:08,67,Resolvido,1.0
507810,Cassiano - EI,2026-09-24 11:45:15,63,Resolvido,3.0
505639,Sá Almeida e Filhos,2026-09-24 11:46:13,14,Resolvido,5.0
889507,da Paz,2026-09-24 11:44:24,48,Resolvido,4.0
231442,Borges Vasconcelos S.A.,2026-09-24 11:46:06,61,Resolvido,1.0
209721,da Cruz,2026-09-24 11:47:01,33,Resolvido,3.0
850348,Fonseca,2026-09-24 11:44:24,60,Resolvido,1.0
677277,Alves,2026-09-24 11:48:14,49,Resolvido,3.0
533903,Castro Moraes e Filhos,2026-09-24 11:44:56,12,Resolvido,5.0
392138,Correia,2026-09-24 11:48:21,26,Resolvido,4.0
744226,da Rocha Sá - ME,2026-09-24 11:47:42,60,Resolvido,2.0
641565,Jesus,2026-09-24 11:44:47,36,Resolvido,4.0
357687,Melo,2026-09-24 11:45:46,64,Em Andamento,
452807,Mendonça,2026-09-24 11:44:36,3,Resolvido,4.0
869865,Montenegro Pereira - ME,2026-09-24 11:43:57,66,Resolvido,2.0
548373,Câmara,2026-09-24 11:48:59,36,Resolvido,3.0
686007,Sampaio - EI,2026-09-24 11:49:37,13,Em Andamento,
159758,Costela da Rosa S.A.,2026-09-24 11:45:54,17,Resolvido,5.0
855426,Correia S/A,2026-09-24 11:45:09,50,Resolvido,1.0
73857,Albuquerque,2026-09-24 11:46:46,14,Resolvido,5.0
299398,Marques Ltda.,2026-09-24 11:49:15,18,Resolvido,5.0
150462,Borges,2026-09-24 11:49:08,33,Em Andamento,
832924,Cunha S/A,2026-09-24 11:48:49,61,Resolvido,2.0
258799,Barbosa Lopes Ltda.,2026-09-24 11:47:18,66,Resolvido,3.0
270917,Novais S.A.,2026-09-24 11:45:55,65,Resolvido,2.0
30644,Santos da Conceição S.A.,2026-09-24 11:44:27,4,Resolvido,5.0
837115,Silveira,2026-09-24 11:46:11,13,Resolvido,5.0
722592,Novais,2026-09-24 11:45:52,68,Resolvido,1.0
160321,Barbosa - ME,2026-09-24 11:45:35,43,Resolvido,3.0
275862,Cassiano,2026-09-24 11:46:09,8,Resolvido,5.0
387526,Andrade,2026-09-24 11:44:17,61,Resolvido,2.0
100627,Borges,2026-09-24 11:46:11,3,Resolvido,4.0
283936,Jesus,2026-09-24 11:48:21,24,Resolvido,4.0
480074,Lima S/A,2026-09-24 11:47:49,33,Resolvido,4.0
793096,Cavalcanti e Filhos,2026-09-24 11:44:42,12,Resolvido,5.0
135592,da Costa,2026-09-24 11:48:54,43,Resolvido,3.0
214149,Barbosa,2026-09-24 11:46:42,70,Resolvido,1.0
468255,da Mata e Filhos,2026-09-24 11:48:00,67,Resolvido,1.0
573074,Macedo - EI,2026-09-24 11:43:55,54,Resolvido,2.0
652476,Campos,2026-09-24 11:47:28,49,Em Andamento,
448568,Lima,2026-09-24 11:48:02,54,Resolvido,3.0
990519,Sales S/A,2026-09-24 11:48:48,37,Resolvido,4.0
805131,Macedo,2026-09-24 11:49:18,59,Em Andamento,
251380,da Mota,2026-09-24 11:44:28,45,Resolvido,4.0
29193,Viana,2026-09-24 11:44:57,16,Em Andamento,
318496,Brito,2026-09-24 11:45:15,8,Resolvido,5.0
623022,Sá S.A.,2026-09-24 11:46:59,29,Resolvido,3.0
122672,Cassiano Aragão S.A.,2026-09-24 11:45:26,69,Resolvido,1.0
489583,Casa Grande,2026-09-24 11:47:07,63,Em Andamento,
426951,Nascimento - ME,2026-09-24 11:46:10,1,Resolvido,5.0
77739,Aragão,2026-09-24 11:46:14,39,Resolvido,3.0
20749,Siqueira Moura e Filhos,2026-09-24 11:45:20,30,Resolvido,3.0
187895,Pimenta,2026-09-24 11:45:29,11,Escalado,
128765,Novais Sá S.A.,2026-09-24 11:47:32,18,Resolvido,5.0
3800,Novais Correia S.A.,2026-09-24 11:45:51,12,Em Andamento,
797392,Freitas Novaes e Filhos,2026-09-24 11:47:14,27,Escalado,
845902,Abreu Leão e Filhos,2026-09-24 11:45:00,10,Resolvido,5.0
725225,Pimenta Rodrigues e Filhos,2026-09-24 11:45:37,17,Em Andamento,
849516,Cardoso,2026-09-24 11:48:50,4,Em Andamento,
967013,Nascimento,2026-09-24 11:46:11,47,Resolvido,4.0
399673,Martins Ltda.,2026-09-24 11:48:56,39,Resolvido,4.0
551885,Sá Santos S/A,2026-09-24 11:48:38,58,Em Andamento,
325877,Câmara S.A.,2026-09-24 11:46:30,22,Em Andamento,
493339,da Cunha e Filhos,2026-09-24 11:46:42,27,Resolvido,3.0
463336,Correia,2026-09-24 11:46:58,42,Resolvido,4.0
341176,Santos,2026-09-24 11:45:04,48,Em Andamento,
360272,Montenegro e Filhos,2026-09-24 11:44:20,15,Resolvido,5.0
42420,da Rosa Azevedo S/A,2026-09-24 11:47:35,28,Em Andamento,
810387,Moura Machado e Filhos,2026-09-24 11:45:37,25,Resolvido,3.0
965473,Sales Ltda.,2026-09-24 11:46:18,46,Resolvido,3.0
928968,Pereira S/A,2026-09-24 11:48:45,51,Resolvido,2.0
769650,Barbosa,2026-09-24 11:49:21,39,Resolvido,3.0
980363,Marques,2026-09-24 11:45:47,70,Resolvido,2.0
692467,Ribeiro,2026-09-24 11:45:59,13,Resolvido,5.0
969553,Alves - EI,2026-09-24 11:43:54,62,Resolvido,2.0
116003,Viana,2026-09-24 11:44:14,13,Escalado,
152859,Martins,2026-09-24 11:48:48,30,Em Andamento,
822885,Moraes,2026-09-24 11:48:26,41,Resolvido,4.0
779974,Alves,2026-09-24 11:46:27,20,Resolvido,5.0
587430,Cavalcanti Duarte - ME,2026-09-24 11:49:18,65,Em Andamento,
200265,Brito,2026-09-24 11:47:18,72,Resolvido,3.0
306129,Martins,2026-09-24 11:45:02,61,Escalado,
798759,Sá Gonçalves - ME,2026-09-24 11:48:10,14,Escalado,
299769,Castro Ltda.,2026-09-24 11:45:29,46,Resolvido,3.0
529820,Cavalcante da Mota S.A.,2026-09-24 11:48:04,58,Escalado,
140409,Cavalcante,2026-09-24 11:44:13,29,Resolvido,4.0
452961,Abreu,2026-09-24 11:44:39,22,Resolvido,4.0
885749,Almeida,2026-09-24 11:45:59,67,Em Andamento,
225668,Costa,2026-09-24 11:47:32,27,Escalado,
713696,Teixeira,2026-09-24 11:49:17,2,Resolvido,5.0
556446,Ribeiro S/A,2026-09-24 11:45:37,11,Escalado,
86455,Guerra,2026-09-24 11:45:46,49,Resolvido,1.0
737154,Rodrigues,2026-09-24 11:47:01,17,Resolvido,5.0
276544,Lopes Ltda.,2026-09-24 11:47:58,60,Resolvido,3.0
283750,Lopes Correia S/A,2026-09-24 11:48:42,48,Resolvido,4.0
212746,Monteiro,2026-09-24 11:45:23,2,Resolvido,4.0
854282,Mendonça Rios e Filhos,2026-09-24 11:49:25,41,Resolvido,3.0
810741,Macedo,2026-09-24 11:46:24,65,Resolvido,2.0
159964,Nunes e Filhos,2026-09-24 11:49:23,44,Resolvido,4.0
229153,Mendes,2026-09-24 11:46:56,54,Em Andamento,
559257,Marques,2026-09-24 11:43:58,11,Escalado,
998576,da Rocha Novais - ME,2026-09-24 11:46:51,25,Resolvido,3.0
870775,Souza,2026-09-24 11:44:21,57,Resolvido,1.0
641245,Araújo,2026-09-24 11:47:07,48,Em Andamento,
261361,Sales Alves Ltda.,2026-09-24 11:48:53,25,Em Andamento,
522571,Azevedo,2026-09-24 11:43:53,44,Resolvido,4.0
412019,Cardoso,2026-09-24 11:48:45,16,Resolvido,5.0
706520,da Conceição Andrade S.A.,2026-09-24 11:49:39,34,Escalado,
170810,Gonçalves,2026-09-24 11:45:55,63,Resolvido,3.0
827843,Ramos S/A,2026-09-24 11:48:46,21,Em Andamento,
35186,Marques,2026-09-24 11:45:13,23,Resolvido,5.0
